user_id,content,visibility_status,created_at,likes,comments
0x55,Here at the beach,private,2024-09-01T15:27:00Z,87,c3822768-mongoID;c9595000-mongoID
0xDB,Exploring the mountains this weekend!,friends,2024-08-22T09:13:26Z,37,c2876952-mongoID;c4924452-mongoID;c8466694-mongoID;c6436443-mongoID
0x867,Exploring the mountains this weekend!,friends,2024-01-27T20:27:47Z,144,c8382254-mongoID
0xB867,Exploring the mountains this weekend!,public,2024-04-17T12:52:32Z,206,c2793954-mongoID;c1435942-mongoID;c2142613-mongoID;c9868471-mongoID;c6433712-mongoID
0x4B3,Loving the new album from my favorite artist!,private,2024-09-19T08:54:06Z,267,c2444708-mongoID;c1028591-mongoID;c1359353-mongoID;c1674638-mongoID
0x477,Loving the new album from my favorite artist!,public,2024-01-11T09:11:10Z,240,c2674756-mongoID;c1609658-mongoID
0xA7,Loving the new album from my favorite artist!,public,2024-07-13T04:49:44Z,388,c4511222-mongoID;c7445496-mongoID;c9288683-mongoID;c5982078-mongoID
0x55,Here at the beach,private,2024-01-20T03:13:37Z,364,c6957437-mongoID;c2876647-mongoID;c8357787-mongoID
0x9CE,Just had the best coffee ever!,private,2024-05-14T20:34:12Z,129,c6995081-mongoID;c9525203-mongoID;c8552393-mongoID;c1863720-mongoID
0xD2,Exploring the mountains this weekend!,public,2024-03-22T14:52:04Z,194,c6155585-mongoID;c4033593-mongoID
0x80EA,Exploring the mountains this weekend!,friends,2024-10-07T19:07:48Z,136,c2306104-mongoID;c3140831-mongoID;c9411495-mongoID;c3617128-mongoID;c6381367-mongoID
0x55,Exploring the mountains this weekend!,private,2024-03-08T10:51:15Z,340,c3032041-mongoID;c8620883-mongoID;c7454472-mongoID;c8440616-mongoID;c7023662-mongoID
